engine,target_pages,actual_pages,repeat,wall_s,precise_wall_s,user_s,system_s,peak_rss_kib,pdf_bytes
groff,1,1,1,0.79,0.7932473209984892,0.83,0.07,38544,24549
groff,1,1,2,0.77,0.7792598980013281,0.81,0.07,38624,24549
groff,1,1,3,0.79,0.7950657080000383,0.84,0.05,38436,24549
groff,10,9,1,0.92,0.9260139780017198,1.11,0.06,38628,36266
groff,10,9,2,0.95,0.9593934719996469,1.14,0.07,38568,36266
groff,10,9,3,0.96,0.9640771369995491,1.15,0.06,38656,36266
groff,100,82,1,2.67,2.673173177001445,4.32,0.08,38700,131088
groff,100,82,2,2.77,2.7727126710015,4.49,0.07,38580,131088
groff,100,82,3,2.69,2.698124111000652,4.3,0.09,38628,131088
printpdf,1,1,1,0.09,0.09304827799860504,0.04,0.04,47460,10064
printpdf,1,1,2,0.1,0.10277111100003822,0.04,0.05,47436,10064
printpdf,1,1,3,0.08,0.09198873799687135,0.03,0.05,47512,10064
printpdf,10,10,1,0.16,0.16854914700161316,0.09,0.06,59708,44454
printpdf,10,10,2,0.17,0.17408691699893097,0.11,0.06,59568,44454
printpdf,10,10,3,0.16,0.16350953000073787,0.1,0.05,59752,44454
printpdf,100,100,1,1.0,1.0058744699999806,0.8,0.18,246580,387742
printpdf,100,100,2,1.01,1.0157364730002882,0.8,0.19,246060,387742
printpdf,100,100,3,0.97,0.9775432019996515,0.77,0.18,246148,387742
